bdx_record_id,broker_name,broker_id,policy_reference,risk_reference,umr,insured_name,inception_date,transaction_type,transaction_effective_date,accounting_period,original_currency,gross_premium,mga_commission_rate,mga_commission_amount,ipt,broker_fee,net_due_to_mga_original_ccy,settlement_currency,fx_rate_to_gbp,settlement_amount_gbp,bdx_notes
BDX-0001,Apex Risk Partners Ltd,BRK-APX,POL-2026-0001,RISK-AX-001,UMR-BDX-AX-001,Sterling Construction Ltd,2026-04-01,New Business,2026-04-01,2026-04,GBP,10000.00,15.00%,1500.00,1200.00,0.00,8500.00,GBP,1.0000,8500.00,
BDX-0002,Apex Risk Partners Ltd,BRK-APX,POL-2026-0002,RISK-AX-002,UMR-BDX-AX-002,ABC Technology Ltd,2026-04-08,New Business,2026-04-08,2026-04,GBP,7500.00,15.00%,1125.00,900.00,0.00,6375.00,GBP,1.0000,6375.00,
BDX-0003,Apex Risk Partners Ltd,BRK-APX,POL-2026-0003,RISK-AX-003,UMR-BDX-AX-003,Blue Harbour Estates Ltd,2026-02-15,Cancellation,2026-04-12,2026-04,GBP,-1200.00,15.00%,-180.00,-144.00,0.00,-1020.00,GBP,1.0000,-1020.00,
BDX-0004,Apex Risk Partners Ltd,BRK-APX,POL-2026-0004,RISK-AX-004,UMR-BDX-AX-004,Greenfield Farms Ltd,2026-03-22,Endorsement,2026-04-14,2026-04,GBP,2250.00,15.00%,337.50,270.00,0.00,1912.50,GBP,1.0000,1912.50,
BDX-0005,Apex Risk Partners Ltd,BRK-APX,POL-2026-0005,RISK-AX-005,UMR-BDX-AX-005,Northshore Energy Services Ltd,2026-04-18,New Business,2026-04-18,2026-04,GBP,10000.00,15.00%,1500.00,1200.00,0.00,8500.00,GBP,1.0000,8500.00,
BDX-0006,Apex Risk Partners Ltd,BRK-APX,POL-2026-0006,RISK-AX-006,UMR-BDX-AX-006,Thames Logistics Ltd,2026-04-20,New Business,2026-04-20,2026-04,GBP,5000.00,15.00%,750.00,600.00,0.00,4250.00,GBP,1.0000,4250.00,
BDX-0007,Northshore Broking Ltd,BRK-NSB,POL-2026-0101,RISK-NS-101,UMR-BDX-NS-101,Lime Street Manufacturing Ltd,2026-04-02,New Business,2026-04-02,2026-04,GBP,20000.00,15.00%,3000.00,2400.00,0.00,17000.00,GBP,1.0000,17000.00,
BDX-0008,Northshore Broking Ltd,BRK-NSB,POL-2026-0102,RISK-NS-102,UMR-BDX-NS-102,Red Kite Hospitality Ltd,2026-04-04,New Business,2026-04-04,2026-04,GBP,15000.00,15.00%,2250.00,1800.00,0.00,12750.00,GBP,1.0000,12750.00,
BDX-0009,Northshore Broking Ltd,BRK-NSB,POL-2026-0103,RISK-NS-103,UMR-BDX-NS-103,Cobalt Marine Ltd,2026-04-09,New Business,2026-04-09,2026-04,GBP,12000.00,15.00%,1800.00,1440.00,0.00,10200.00,GBP,1.0000,10200.00,
BDX-0010,Northshore Broking Ltd,BRK-NSB,POL-2026-0104,RISK-NS-104,UMR-BDX-NS-104,Oak & Vale Developments Ltd,2026-04-11,New Business,2026-04-11,2026-04,GBP,11823.53,15.00%,1773.53,1418.82,0.00,10050.00,GBP,1.0000,10050.00,
BDX-0011,Pioneer Wholesale Brokers,BRK-PIO,POL-2026-0201,RISK-PI-201,UMR-BDX-PI-201,Union Hardware PLC,2026-04-05,New Business,2026-04-05,2026-04,GBP,100000.00,15.00%,15000.00,12000.00,0.00,85000.00,GBP,1.0000,85000.00,
BDX-0012,Pioneer Wholesale Brokers,BRK-PIO,POL-2026-0202,RISK-PI-202,UMR-BDX-PI-202,Metro Plant Hire Ltd,2026-04-06,New Business,2026-04-06,2026-04,GBP,50000.00,15.00%,7500.00,6000.00,0.00,42500.00,GBP,1.0000,42500.00,
BDX-0013,Pioneer Wholesale Brokers,BRK-PIO,POL-2026-0203,RISK-PI-203,UMR-BDX-PI-203,Keystone Distribution Ltd,2026-04-07,New Business,2026-04-07,2026-04,GBP,60000.00,15.00%,9000.00,7200.00,0.00,51000.00,GBP,1.0000,51000.00,
BDX-0014,Pioneer Wholesale Brokers,BRK-PIO,POL-2026-0204,RISK-PI-204,UMR-BDX-PI-204,Southbank Storage Ltd,2026-04-10,New Business,2026-04-10,2026-04,GBP,25294.12,15.00%,3794.12,3035.29,0.00,21500.00,GBP,1.0000,21500.00,
BDX-0015,Continental Coverholders SA,BRK-CON,POL-2026-0401,RISK-CO-401,UMR-BDX-CO-401,Riviera Foods SARL,2026-04-03,New Business,2026-04-03,2026-04,EUR,11764.71,15.00%,1764.71,0.00,0.00,10000.00,GBP,0.8600,8600.00,
BDX-0016,Continental Coverholders SA,BRK-CON,POL-2026-0402,RISK-CO-402,UMR-BDX-CO-402,Alpine Components GmbH,2026-04-12,New Business,2026-04-12,2026-04,EUR,5882.35,15.00%,882.35,0.00,0.00,5000.00,GBP,0.8600,4300.00,
BDX-0017,Continental Coverholders SA,BRK-CON,POL-2026-0403,RISK-CO-403,UMR-BDX-CO-403,Nordic Fleet AB,2026-03-30,Cancellation,2026-04-21,2026-04,EUR,-1411.76,15.00%,-211.76,0.00,0.00,-1200.00,GBP,0.8600,-1032.00,
BDX-0018,Harbour Specialty Ltd,BRK-HRB,POL-2026-0301,RISK-HR-301,UMR-BDX-HR-301,Crown Dental Group Ltd,2026-04-02,New Business,2026-04-02,2026-04,GBP,14117.65,15.00%,2117.65,1694.12,0.00,12000.00,GBP,1.0000,12000.00,
BDX-0019,Harbour Specialty Ltd,BRK-HRB,POL-2026-0302,RISK-HR-302,UMR-BDX-HR-302,Orange Retail Ltd,2026-04-05,New Business,2026-04-05,2026-04,GBP,8470.59,15.00%,1270.59,1016.47,0.00,7200.00,GBP,1.0000,7200.00,
BDX-0020,Harbour Specialty Ltd,BRK-HRB,POL-2026-0303,RISK-HR-303,UMR-BDX-HR-303,Orange Retail Group Ltd,2026-04-05,New Business,2026-04-05,2026-04,GBP,8470.59,15.00%,1270.59,1016.47,0.00,7200.00,GBP,1.0000,7200.00,
BDX-0021,Harbour Specialty Ltd,BRK-HRB,POL-2026-0304,RISK-HR-304,UMR-BDX-HR-304,Canal Medical Centre Ltd,2026-04-15,Endorsement,2026-04-15,2026-04,GBP,20352.94,15.00%,3052.94,2442.35,0.00,17300.00,GBP,1.0000,17300.00,
BDX-0022,Apex Risk Partners Ltd,BRK-APX,POL-2026-0007,RISK-AX-007,UMR-BDX-AX-007,Meadow Labs Ltd,2026-04-24,New Business,2026-04-24,2026-04,GBP,15058.82,15.00%,2258.82,1807.06,0.00,12800.00,GBP,1.0000,12800.00,
